MemtableSizeMB,DataSizeMB,Throughput(MB/s)
1,1,45.4545
1,2,40.8163
1,4,42.5532
1,8,41.6667
1,16,39.312
1,32,33.4728
1,64,32.6531
1,128,9.66986
1,256,9.20334
1,512,8.77915
5,1,47.619
5,2,44.4444
5,4,37.037
5,8,38.2775
5,16,37.123
5,32,34.52
5,64,33.316
5,128,30.6881
5,256,28.2311
5,512,23.1297
10,1,38.4615
10,2,42.5532
10,4,39.2157
10,8,40.201
10,16,38.6473
10,32,37.2093
10,64,32.9049
10,128,29.2104
10,256,27.1158
10,512,23.3119