MemtableSizeMB,DataSizeMB,Throughput(MB/s)
1,1,23.8095
1,2,26.6667
1,4,24.0964
1,8,23.8095
1,16,21.0804
1,32,20.6186
1,64,17.4959
1,128,1.15295
1,256,1.14583
1,512,1.12652
5,1,25
5,2,24.0964
5,4,24.8447
5,8,21.164
5,16,19.9501
5,32,18.2648
5,64,19.312
5,128,17.4672
5,256,15.7094
5,512,14.8967
10,1,27.7778
10,2,24.6914
10,4,21.8579
10,8,20.5128
10,16,19.1159
10,32,18.3908
10,64,16.2313
10,128,16.4271
10,256,15.0323
10,512,15.0602