MemtableSizeMB,DataSizeMB,AverageLatency(ms)
1,1,0.00143805
1,2,0.00165938
1,4,0.00174235
1,8,0.00182532
1,16,0.00203966
1,32,0.00238537
1,64,0.0027985
1,128,0.236538
